{
    "frequencies": [
        1000000,
        2000000,
        3000000,
        4000000,
        5000000,
        6000000,
        7000000,
        8000000,
        9000000,
        10000000,
        11000000,
        12000000,
        13000000,
        14000000,
        15000000,
        16000000,
        17000000,
        18000000,
        19000000,
        20000000,
        21000000,
        22000000,
        23000000,
        24000000,
        25000000,
        26000000,
        27000000,
        28000000,
        29000000,
        30000000,
        31000000,
        32000000,
        33000000,
        34000000,
        35000000,
        36000000,
        37000000,
        38000000,
        39000000,
        40000000,
        41000000,
        42000000,
        43000000,
        44000000,
        45000000,
        46000000,
        47000000,
        48000000,
        49000000,
        50000000,
        51000000,
        52000000,
        53000000,
        54000000,
        55000000,
        56000000,
        57000000,
        58000000,
        59000000,
        60000000,
        61000000,
        62000000,
        63000000,
        64000000,
        65000000,
        66000000,
        67000000,
        68000000,
        69000000,
        70000000,
        71000000,
        72000000,
        73000000,
        74000000,
        75000000,
        76000000,
        77000000,
        78000000,
        79000000,
        80000000,
        81000000,
        82000000,
        83000000,
        84000000,
        85000000,
        86000000,
        87000000,
        88000000,
        89000000,
        90000000,
        91000000,
        92000000,
        93000000,
        94000000,
        95000000,
        96000000,
        97000000,
        98000000,
        99000000,
        100000000
    ],
    "RL": [
        -7.354443595775896,
        -7.255281037817278,
        -7.156930270828181,
        -7.059402230260977,
        -6.962094993409899,
        -6.866370860778023,
        -6.770830969030401,
        -6.677590935040411,
        -6.584560095569297,
        -6.494039226192243,
        -6.4049253772655215,
        -6.315812848636522,
        -6.230066240067397,
        -6.145196389320841,
        -6.0658460929916656,
        -5.986359496051684,
        -5.908755401609122,
        -5.835804781954809,
        -5.765243392055521,
        -5.697014453865044,
        -5.6333515467070505,
        -5.5689738221704665,
        -5.5164962123004795,
        -5.465108459003002,
        -5.4135929951831,
        -5.368500880529615,
        -5.328016925081062,
        -5.287967499764106,
        -5.264275710926083,
        -5.234783074302243,
        -5.215707525845394,
        -5.19456483013344,
        -5.180161421591709,
        -5.173886926072681,
        -5.1782668758643755,
        -5.176941789385317,
        -5.186221425073296,
        -5.199982740822708,
        -5.219095072624337,
        -5.25163969839443,
        -5.274430170395231,
        -5.304740246017069,
        -5.333116071200745,
        -5.39172532431648,
        -5.433652656112423,
        -5.485513044753794,
        -5.545637531594366,
        -5.598679477740087,
        -5.661057845889578,
        -5.734833115420099,
        -5.7976113008718055,
        -5.871865804618398,
        -5.954253045794186,
        -6.036520489172017,
        -6.113451897505302,
        -6.209514946442725,
        -6.292197845167362,
        -6.379548838548529,
        -6.473140266004017,
        -6.575071665983641,
        -6.671826934204064,
        -6.758395056429391,
        -6.869739782033601,
        -6.97542312483781,
        -7.060104503999584,
        -7.145989976345916,
        -7.269170030503772,
        -7.374987277527996,
        -7.468789105562269,
        -7.588201922862839,
        -7.691613670625914,
        -7.798652488031328,
        -7.894818381055025,
        -8.021651055827414,
        -8.121178630793535,
        -8.222427417828559,
        -8.317320365997949,
        -8.427858047100848,
        -8.539657240264138,
        -8.650116586827433,
        -8.737376229193632,
        -8.85317915571107,
        -8.968308347540862,
        -9.063284784377919,
        -9.170355839470162,
        -9.278034777483281,
        -9.375647782852264,
        -9.483129994426754,
        -9.58675475961467,
        -9.684419182875452,
        -9.786322034129995,
        -9.88430721543928,
        -9.974227331967915,
        -10.07219353144394,
        -10.187248568142103,
        -10.284247484494106,
        -10.376367060220751,
        -10.469961014544838,
        -10.578227075699683,
        -10.645323467126955
    ],
    "RLPHASE": [
        166.023047214901,
        165.1897240798239,
        164.33368385593792,
        163.45906446210455,
        162.5610438898678,
        161.64272396281993,
        160.70167728964768,
        159.74163341973235,
        158.75214610766807,
        157.74872676833482,
        156.7197557598848,
        155.65438321450864,
        154.58414095383347,
        153.47944768397522,
        152.35535752365223,
        151.2127703099367,
        150.05506196623008,
        148.86392621631828,
        147.65597774374146,
        146.42298698750824,
        145.1794936683058,
        143.89453873141798,
        142.61596991147408,
        141.3208219234257,
        139.99047599988347,
        138.63306734847643,
        137.29776454126832,
        135.93513182048295,
        134.54724630953316,
        133.1403166503849,
        131.74769739377905,
        130.34720929426302,
        128.94229973896017,
        127.53089437208213,
        126.12853051115069,
        124.68093621946052,
        123.30667341862579,
        121.87562756090958,
        120.41175331225368,
        119.0285017168512,
        117.6367210595459,
        116.22395893595039,
        114.8213532624692,
        113.4702389224465,
        112.11514630069749,
        110.79346594213006,
        109.47348371280901,
        108.1272501446846,
        106.858505707643,
        105.62796564050034,
        104.33156907445735,
        103.06473503575866,
        101.83032871477747,
        100.77210274660607,
        99.48448458142919,
        98.30769637459746,
        97.17044179315451,
        96.06352241992633,
        95.03936944610282,
        93.89389810139959,
        92.87727984651943,
        91.82001548035326,
        90.83853162523185,
        89.94753218641881,
        88.87516004677292,
        87.88936339518817,
        87.03938695205102,
        86.14202434234606,
        85.22193011632709,
        84.40285333055041,
        83.57632918078609,
        82.81459839678152,
        81.95496800572066,
        81.1680378101044,
        80.37132310129394,
        79.67027416888087,
        78.96342433192389,
        78.2719347646902,
        77.55054531376689,
        76.88397925946387,
        76.12133919212577,
        75.55872009867528,
        74.97131061924411,
        74.27008661959482,
        73.68407629574645,
        73.16196996532872,
        72.59671466958116,
        72.00191832557222,
        71.43797394163326,
        70.82841120022808,
        70.49193995831469,
        69.85912288560685,
        69.32775153944635,
        68.83337605933113,
        68.24221256114288,
        67.93105801211377,
        67.4402256241424,
        66.94920986584563,
        66.50137970971413,
        66.05026501364219
    ]
}