{
    "frequencies": [
        1000000,
        2000000,
        3000000,
        4000000,
        5000000,
        6000000,
        7000000,
        8000000,
        9000000,
        10000000,
        11000000,
        12000000,
        13000000,
        14000000,
        15000000,
        16000000,
        17000000,
        18000000,
        19000000,
        20000000,
        21000000,
        22000000,
        23000000,
        24000000,
        25000000,
        26000000,
        27000000,
        28000000,
        29000000,
        30000000,
        31000000,
        32000000,
        33000000,
        34000000,
        35000000,
        36000000,
        37000000,
        38000000,
        39000000,
        40000000,
        41000000,
        42000000,
        43000000,
        44000000,
        45000000,
        46000000,
        47000000,
        48000000,
        49000000,
        50000000,
        51000000,
        52000000,
        53000000,
        54000000,
        55000000,
        56000000,
        57000000,
        58000000,
        59000000,
        60000000,
        61000000,
        62000000,
        63000000,
        64000000,
        65000000,
        66000000,
        67000000,
        68000000,
        69000000,
        70000000,
        71000000,
        72000000,
        73000000,
        74000000,
        75000000,
        76000000,
        77000000,
        78000000,
        79000000,
        80000000,
        81000000,
        82000000,
        83000000,
        84000000,
        85000000,
        86000000,
        87000000,
        88000000,
        89000000,
        90000000,
        91000000,
        92000000,
        93000000,
        94000000,
        95000000,
        96000000,
        97000000,
        98000000,
        99000000,
        100000000
    ],
    "RL": [
        -7.354267319739463,
        -7.25539393206828,
        -7.156915883487782,
        -7.059173707918208,
        -6.962365486691848,
        -6.866133890606678,
        -6.770964605847426,
        -6.67688280919815,
        -6.585167232655235,
        -6.49422484592,
        -6.404949062292394,
        -6.316814275255785,
        -6.230873933144371,
        -6.145506000563451,
        -6.06583522121872,
        -5.986511364914765,
        -5.911263815876808,
        -5.836431854125027,
        -5.766087722918333,
        -5.696716420689163,
        -5.63199687550712,
        -5.5724333963582415,
        -5.515168015925095,
        -5.464758208654194,
        -5.41555691429406,
        -5.368871913132977,
        -5.3285087917595035,
        -5.293722373794967,
        -5.264096705549758,
        -5.232810087564939,
        -5.211931572341356,
        -5.1918777894379184,
        -5.178825434529614,
        -5.172868384343752,
        -5.177752764050885,
        -5.1747442635636425,
        -5.180183857696628,
        -5.201714978287927,
        -5.217950407529034,
        -5.239889839790256,
        -5.267355745860568,
        -5.303822855731073,
        -5.339148306743333,
        -5.3785029397957205,
        -5.422678690008029,
        -5.485991226949324,
        -5.537093422748511,
        -5.597814383880621,
        -5.645094220491526,
        -5.721757969858573,
        -5.79537118075074,
        -5.869181434391372,
        -5.936733196252498,
        -6.023394775695964,
        -6.104947524875613,
        -6.199828712755412,
        -6.285943373447785,
        -6.36572654373805,
        -6.457201134172155,
        -6.551279596278103,
        -6.647046205495942,
        -6.751573710928016,
        -6.85347742751687,
        -6.9483742310499625,
        -7.04096305124259,
        -7.1454278411711325,
        -7.248505327850396,
        -7.354930115153664,
        -7.457055495197347,
        -7.570574933004773,
        -7.669629698551342,
        -7.771661210511812,
        -7.8699954886050705,
        -7.981224878250588,
        -8.098736744485715,
        -8.190427766736702,
        -8.303256300332428,
        -8.405914559602925,
        -8.507343086584127,
        -8.624724738066714,
        -8.724261914884739,
        -8.822648150647112,
        -8.938294505273081,
        -9.040268288030362,
        -9.151542585271145,
        -9.256405329612047,
        -9.35008124611416,
        -9.461734386450509,
        -9.552335617387609,
        -9.651637002906035,
        -9.75263819665145,
        -9.866192127660543,
        -9.94945187255216,
        -10.053814535910188,
        -10.150413426440675,
        -10.237703047204288,
        -10.347315332790396,
        -10.444978581425978,
        -10.526563915301992,
        -10.62100621179807
    ],
    "RLPHASE": [
        166.0228709077773,
        165.1905184115778,
        164.33801522371903,
        163.4641167139293,
        162.57048923847807,
        161.65053767939335,
        160.71065922227598,
        159.74747402107408,
        158.7691653680309,
        157.7647504387501,
        156.73808930220918,
        155.67836851721424,
        154.61070579502763,
        153.51269475204927,
        152.39933430483873,
        151.26448959332475,
        150.08687646239082,
        148.91801818615065,
        147.6886715297378,
        146.48338322516017,
        145.24337970245955,
        143.97675812658636,
        142.6643849095225,
        141.36144646339991,
        140.05132234702518,
        138.71919144002533,
        137.38119086729316,
        136.01437428459792,
        134.6382389684644,
        133.24149446310807,
        131.8350311010894,
        130.47713756919194,
        129.00792366086773,
        127.5984686317706,
        126.20763197286087,
        124.7834280287353,
        123.37413178568136,
        121.95019630203458,
        120.5458786569957,
        119.14346579522416,
        117.69304499857489,
        116.35492901670166,
        114.98325319921005,
        113.54058223417599,
        112.20728490249869,
        110.9065874924994,
        109.5907619400486,
        108.26553353611125,
        107.0088510429743,
        105.65766743812638,
        104.42431897869356,
        103.15365419642491,
        101.94238850062028,
        100.74103492719745,
        99.59068041459805,
        98.46590023878652,
        97.31748174169071,
        96.16866111010802,
        95.15396594181973,
        93.9888285164603,
        93.00829336980897,
        92.02866269786652,
        90.9589220782826,
        89.93979902137914,
        89.05714540201228,
        88.07988838100057,
        87.12571068550358,
        86.26089865551096,
        85.37551835574986,
        84.59270095664841,
        83.7443761035391,
        82.9111894959107,
        82.02150092763729,
        81.25746620237418,
        80.4481314468508,
        79.8071396728582,
        79.0718869643719,
        78.3496287889895,
        77.70626915663752,
        76.93994343525087,
        76.36957115453924,
        75.76550822489186,
        75.10489412918018,
        74.43721697508195,
        73.7810296582334,
        73.22496406167596,
        72.56440387473808,
        72.0873764755758,
        71.46597077163364,
        70.98062789794113,
        70.56302646445974,
        69.91325942797924,
        69.44635045305519,
        68.94889124253429,
        68.42827540403219,
        67.967238992959,
        67.50123278032608,
        67.09928394015806,
        66.59635339968223,
        66.2126798206365
    ]
}