{
    "frequencies": [
        1000000,
        1010101,
        1020202,
        1030303,
        1040404,
        1050505,
        1060606,
        1070707,
        1080808,
        1090909,
        1101010,
        1111111,
        1121212,
        1131313,
        1141414,
        1151515,
        1161616,
        1171717,
        1181818,
        1191919,
        1202020,
        1212121,
        1222222,
        1232323,
        1242424,
        1252525,
        1262626,
        1272727,
        1282828,
        1292929,
        1303030,
        1313131,
        1323232,
        1333333,
        1343434,
        1353535,
        1363636,
        1373737,
        1383838,
        1393939,
        1404040,
        1414141,
        1424242,
        1434343,
        1444444,
        1454545,
        1464646,
        1474747,
        1484848,
        1494949,
        1505050,
        1515151,
        1525252,
        1535353,
        1545454,
        1555555,
        1565656,
        1575757,
        1585858,
        1595959,
        1606060,
        1616161,
        1626262,
        1636363,
        1646464,
        1656565,
        1666666,
        1676767,
        1686868,
        1696969,
        1707070,
        1717171,
        1727272,
        1737373,
        1747474,
        1757575,
        1767676,
        1777777,
        1787878,
        1797979,
        1808080,
        1818181,
        1828282,
        1838383,
        1848484,
        1858585,
        1868686,
        1878787,
        1888888,
        1898989,
        1909090,
        1919191,
        1929292,
        1939393,
        1949494,
        1959595,
        1969696,
        1979797,
        1989898,
        1999999
    ],
    "RL": [
        -7.331410931073133,
        -7.250481589187665,
        -7.169627307354577,
        -7.088879656502104,
        -7.00826777552494,
        -6.927820121236011,
        -6.847653376540866,
        -6.767685958471232,
        -6.688046581094272,
        -6.60877492176869,
        -6.529942895778275,
        -6.451548462100622,
        -6.373688449079013,
        -6.296395837044276,
        -6.219806525016765,
        -6.143846313543539,
        -6.068599959549155,
        -5.99427072273198,
        -5.920864619398406,
        -5.8483759119818615,
        -5.776792838828512,
        -5.706459506190557,
        -5.637268937354199,
        -5.569335134106499,
        -5.502853726152575,
        -5.437669387940284,
        -5.373954653629067,
        -5.312058764774098,
        -5.25166423638864,
        -5.193195219743779,
        -5.1363095603344435,
        -5.081512673007323,
        -5.028862409771559,
        -4.978149397354104,
        -4.929685294174586,
        -4.883266714556767,
        -4.839500754137119,
        -4.798107427102111,
        -4.759136949232914,
        -4.7230252992446715,
        -4.689133406524987,
        -4.658259207418848,
        -4.629837485178428,
        -4.6045490541418275,
        -4.582263289074969,
        -4.5624804690288325,
        -4.546456028756047,
        -4.532533945246934,
        -4.522139952236733,
        -4.514813332621706,
        -4.510306080405183,
        -4.509023077692311,
        -4.51127357512581,
        -4.516030480546132,
        -4.524228268870953,
        -4.535263642167097,
        -4.549411657648408,
        -4.5662541294387475,
        -4.586588557602326,
        -4.609833428055927,
        -4.635694838556582,
        -4.665005337624627,
        -4.696565902517818,
        -4.730856971336213,
        -4.767928336108361,
        -4.807570274227797,
        -4.849936783981566,
        -4.894426494048377,
        -4.941567103664398,
        -4.990674505901323,
        -5.042665292531034,
        -5.096201567414418,
        -5.1515627258134,
        -5.2095094773179,
        -5.268277761090968,
        -5.32960004858499,
        -5.3926921967208274,
        -5.457329575140362,
        -5.523333114018145,
        -5.591108948221136,
        -5.660075947387574,
        -5.73022819962652,
        -5.801595635844707,
        -5.873663829946264,
        -5.947484607531132,
        -6.0223220538365,
        -6.097572805454866,
        -6.174003479332567,
        -6.250880688090241,
        -6.328917454968682,
        -6.407531142346528,
        -6.486490563384324,
        -6.566001934269226,
        -6.646329693468153,
        -6.726466454642274,
        -6.807496166574741,
        -6.888373094742251,
        -6.969733099226335,
        -7.051688183019289,
        -7.133910741138695
    ],
    "RLPHASE": [
        166.04380051085377,
        165.4610641319516,
        164.86756422374762,
        164.26318580885888,
        163.6474797616721,
        163.02070564533648,
        162.38209993627595,
        161.73175579075874,
        161.06987798042402,
        160.3958346760347,
        159.70980566412237,
        159.0110180690165,
        158.300317936597,
        157.57649614583883,
        156.83968376973883,
        156.09042501648543,
        155.32771718419008,
        154.55150322194515,
        153.76361837405446,
        152.96101963551482,
        152.14693664354903,
        151.31809374752584,
        150.47591672886296,
        149.6205910093136,
        148.752685011622,
        147.8711871156154,
        146.97687589793205,
        146.06910975136117,
        145.14967284276193,
        144.21745562398493,
        143.27094877250727,
        142.31381395629896,
        141.34550019062004,
        140.3641425624338,
        139.3729551098333,
        138.36906316598578,
        137.35677052365537,
        136.3348293040538,
        135.3007680656428,
        134.25909970729296,
        133.20885895894753,
        132.15279402283204,
        131.08629730213366,
        130.0128791916678,
        128.93522000796668,
        127.85521261866207,
        126.7663742285548,
        125.67426766126074,
        124.58118762333777,
        123.48231803844286,
        122.38589952656582,
        121.2840231328086,
        120.18583665518165,
        119.08715880598915,
        117.99095466958863,
        116.89684666347736,
        115.8043738127925,
        114.71965728971266,
        113.63317368187943,
        112.55253132368706,
        111.48184137170689,
        110.41595963797225,
        109.35922833186838,
        108.30597770432057,
        107.26281822722827,
        106.22966620346604,
        105.2048647897969,
        104.1924635931489,
        103.18919114861299,
        102.1952122220882,
        101.21307597341251,
        100.24555166066006,
        99.28715461053356,
        98.34041624167186,
        97.40667649814128,
        96.4872190166059,
        95.57588956070718,
        94.6800664361588,
        93.79815936276478,
        92.93081833440989,
        92.0734878395483,
        91.23069113903637,
        90.40061832770948,
        89.58617249912055,
        88.78409139056664,
        87.99281273465316,
        87.21701955666626,
        86.45520238910568,
        85.70544709793802,
        84.96927479702192,
        84.24299740612742,
        83.53362042796184,
        82.83382009215237,
        82.1473566472622,
        81.47453430804842,
        80.81188295221264,
        80.1627947686012,
        79.52209135534305,
        78.89610985779557,
        78.2799571936138
    ]
}