{
    "frequencies": [
        1000000,
        1010101,
        1020202,
        1030303,
        1040404,
        1050505,
        1060606,
        1070707,
        1080808,
        1090909,
        1101010,
        1111111,
        1121212,
        1131313,
        1141414,
        1151515,
        1161616,
        1171717,
        1181818,
        1191919,
        1202020,
        1212121,
        1222222,
        1232323,
        1242424,
        1252525,
        1262626,
        1272727,
        1282828,
        1292929,
        1303030,
        1313131,
        1323232,
        1333333,
        1343434,
        1353535,
        1363636,
        1373737,
        1383838,
        1393939,
        1404040,
        1414141,
        1424242,
        1434343,
        1444444,
        1454545,
        1464646,
        1474747,
        1484848,
        1494949,
        1505050,
        1515151,
        1525252,
        1535353,
        1545454,
        1555555,
        1565656,
        1575757,
        1585858,
        1595959,
        1606060,
        1616161,
        1626262,
        1636363,
        1646464,
        1656565,
        1666666,
        1676767,
        1686868,
        1696969,
        1707070,
        1717171,
        1727272,
        1737373,
        1747474,
        1757575,
        1767676,
        1777777,
        1787878,
        1797979,
        1808080,
        1818181,
        1828282,
        1838383,
        1848484,
        1858585,
        1868686,
        1878787,
        1888888,
        1898989,
        1909090,
        1919191,
        1929292,
        1939393,
        1949494,
        1959595,
        1969696,
        1979797,
        1989898,
        1999999
    ],
    "RL": [
        -7.331432282853266,
        -7.250360772142993,
        -7.169352855391166,
        -7.088437097410312,
        -7.007695321251982,
        -6.92712719999766,
        -6.84677059083299,
        -6.766657565247574,
        -6.686911511615775,
        -6.607500549353381,
        -6.528429526513254,
        -6.4499873639776,
        -6.371968240441976,
        -6.2945388899980745,
        -6.217672953018409,
        -6.1415681191284985,
        -6.066188726958327,
        -5.991722686992724,
        -5.918021476126427,
        -5.845465196672328,
        -5.773787064936361,
        -5.703269585232993,
        -5.63386889929385,
        -5.565803106743843,
        -5.499103019381745,
        -5.433863536806255,
        -5.370106118218758,
        -5.307982873141218,
        -5.247350299113832,
        -5.188468389092476,
        -5.131803757467671,
        -5.076930115238173,
        -5.024068447973584,
        -4.973224974561484,
        -4.924585272908352,
        -4.878394035156296,
        -4.834330333348756,
        -4.792902646505281,
        -4.753931626132429,
        -4.717391751349172,
        -4.683591451009285,
        -4.652500712818784,
        -4.624354294808961,
        -4.598875840425471,
        -4.576694785208357,
        -4.556858768830271,
        -4.540288501422926,
        -4.526672205212343,
        -4.5162369125885276,
        -4.508909599582292,
        -4.50467854392174,
        -4.5032934993984695,
        -4.505490112423497,
        -4.510260690798026,
        -4.518284940483746,
        -4.529637950339296,
        -4.543849938499037,
        -4.560845638336147,
        -4.581596070408912,
        -4.604465340809886,
        -4.630795363924263,
        -4.6598682799443765,
        -4.691557936940748,
        -4.725824940812808,
        -4.763341890531423,
        -4.8026918576229845,
        -4.844829082606848,
        -4.889747703140267,
        -4.937311803529413,
        -4.986187166631953,
        -5.038443559965566,
        -5.091705611189851,
        -5.147545168754764,
        -5.205370395448923,
        -5.265054063714601,
        -5.326258939791519,
        -5.389576117218697,
        -5.45410738050827,
        -5.520049294151334,
        -5.5881528120757284,
        -5.6570553878660075,
        -5.727524778442522,
        -5.799110572359597,
        -5.871567919702159,
        -5.9452949407359,
        -6.020207613290061,
        -6.095613817366883,
        -6.172240371086929,
        -6.249357278190653,
        -6.326851709367233,
        -6.405923768280669,
        -6.485443750691303,
        -6.565067046500496,
        -6.644881840686832,
        -6.7254194062701975,
        -6.80634256998255,
        -6.887740168292799,
        -6.969469830089108,
        -7.051508877410577,
        -7.13336106368526
    ],
    "RLPHASE": [
        166.04326929747867,
        165.46061905237474,
        164.86717971412108,
        164.26273863024375,
        163.64723922258545,
        163.02010098851903,
        162.38158497623527,
        161.73135721065515,
        161.06922350534475,
        160.39513821034896,
        159.7089233441175,
        159.00962945678415,
        158.2982260906459,
        157.57440255980293,
        156.8376983194558,
        156.08768209371448,
        155.3247461808604,
        154.54942781746612,
        153.75990110611406,
        152.9575645355179,
        152.14197812150044,
        151.31339551218863,
        150.4702083586141,
        149.61545931517642,
        148.7460925790649,
        147.86343931432324,
        146.96893192178158,
        146.0610305476155,
        145.1405053527835,
        144.2061027600706,
        143.2596123557139,
        142.30309643063842,
        141.33141461905143,
        140.34973663897196,
        139.3572450706965,
        138.35302075117988,
        137.33868539427954,
        136.3139822919007,
        135.28091428893396,
        134.23836442619844,
        133.1871192628028,
        132.12734777509638,
        131.06041445943447,
        129.98577210894283,
        128.90830471196904,
        127.82418275352008,
        126.73696697257974,
        125.64355547447762,
        124.54580994989144,
        123.44868119167188,
        122.34910689465265,
        121.2482743675044,
        120.14829355245581,
        119.04840269233905,
        117.94941387758074,
        116.85252517160478,
        115.75998963233522,
        114.6725638954984,
        113.58783982054432,
        112.50690467525305,
        111.43415007550222,
        110.36611531081978,
        109.30535427014466,
        108.25460559772885,
        107.21012860339744,
        106.17748490213141,
        105.15296176958938,
        104.13791374097066,
        103.13289577994563,
        102.13991034037872,
        101.15669472871896,
        100.1856360480505,
        99.22677128258694,
        98.28009775449186,
        97.34536993951478,
        96.42613777924274,
        95.51648346255608,
        94.61977751333943,
        93.73538573218771,
        92.86769547249318,
        92.01329092991824,
        91.16850435925481,
        90.34039431716847,
        89.52425888272393,
        88.71957438872603,
        87.9318311007649,
        87.15589851535152,
        86.3912823058567,
        85.64155746283791,
        84.90540630848255,
        84.18261739869993,
        83.4696081263298,
        82.77189813845773,
        82.08417974034052,
        81.41092097635364,
        80.75048278137189,
        80.09820455123399,
        79.46251173487089,
        78.83520071860194,
        78.21944855138547
    ]
}