{
    "frequencies": [
        1000000,
        1010101,
        1020202,
        1030303,
        1040404,
        1050505,
        1060606,
        1070707,
        1080808,
        1090909,
        1101010,
        1111111,
        1121212,
        1131313,
        1141414,
        1151515,
        1161616,
        1171717,
        1181818,
        1191919,
        1202020,
        1212121,
        1222222,
        1232323,
        1242424,
        1252525,
        1262626,
        1272727,
        1282828,
        1292929,
        1303030,
        1313131,
        1323232,
        1333333,
        1343434,
        1353535,
        1363636,
        1373737,
        1383838,
        1393939,
        1404040,
        1414141,
        1424242,
        1434343,
        1444444,
        1454545,
        1464646,
        1474747,
        1484848,
        1494949,
        1505050,
        1515151,
        1525252,
        1535353,
        1545454,
        1555555,
        1565656,
        1575757,
        1585858,
        1595959,
        1606060,
        1616161,
        1626262,
        1636363,
        1646464,
        1656565,
        1666666,
        1676767,
        1686868,
        1696969,
        1707070,
        1717171,
        1727272,
        1737373,
        1747474,
        1757575,
        1767676,
        1777777,
        1787878,
        1797979,
        1808080,
        1818181,
        1828282,
        1838383,
        1848484,
        1858585,
        1868686,
        1878787,
        1888888,
        1898989,
        1909090,
        1919191,
        1929292,
        1939393,
        1949494,
        1959595,
        1969696,
        1979797,
        1989898,
        1999999
    ],
    "RL": [
        -7.331434618930923,
        -7.250343127270594,
        -7.169313509639508,
        -7.088390583505588,
        -7.007603067935456,
        -6.927016130240729,
        -6.846648736942198,
        -6.766548999033138,
        -6.686764839415788,
        -6.607251587662608,
        -6.5282334650302225,
        -6.449734330763666,
        -6.371715388853706,
        -6.2941556356723805,
        -6.217398931820379,
        -6.1411936970135255,
        -6.065856286340549,
        -5.991217608974536,
        -5.917589008151202,
        -5.844864744637866,
        -5.7732950183828375,
        -5.702688658704405,
        -5.633522903075271,
        -5.565370908416191,
        -5.49861479421766,
        -5.433272581744713,
        -5.369462378733064,
        -5.307307521746045,
        -5.246937716075152,
        -5.187975391941448,
        -5.131305049603427,
        -5.076140365455668,
        -5.023171673422562,
        -4.972361482631295,
        -4.923953961570188,
        -4.877682593181272,
        -4.833623640089847,
        -4.791933758999164,
        -4.752866605231128,
        -4.7164961471355,
        -4.682777617061317,
        -4.651552372395108,
        -4.6233260273977175,
        -4.598238726823993,
        -4.575538975765837,
        -4.556115958486217,
        -4.539423527260587,
        -4.525817637639004,
        -4.5155461029260655,
        -4.508032921112693,
        -4.503776097107256,
        -4.502009014381041,
        -4.504405078074799,
        -4.50928460989752,
        -4.517730703051369,
        -4.528594273576409,
        -4.543283732768658,
        -4.560297202263491,
        -4.5807866549812335,
        -4.603858852265297,
        -4.629619822050076,
        -4.658599738954742,
        -4.690512461099232,
        -4.72483782355522,
        -4.762519552412179,
        -4.802256805416482,
        -4.844371000663614,
        -4.889182426262168,
        -4.9363665374135675,
        -4.985922907916252,
        -5.0374091820117535,
        -5.0912889920535465,
        -5.147253114197285,
        -5.204906466412037,
        -5.264524847568582,
        -5.325612117399203,
        -5.3891509279730805,
        -5.453454216200245,
        -5.5195551891165255,
        -5.587656837551908,
        -5.656912924770776,
        -5.727285599227519,
        -5.799001144821321,
        -5.871215718512718,
        -5.945014917772761,
        -6.020024233642268,
        -6.095201751070016,
        -6.1721307248242745,
        -6.249265268167342,
        -6.326906361636536,
        -6.405746715180318,
        -6.48502741511206,
        -6.56492057070154,
        -6.644795707952932,
        -6.725770873974799,
        -6.806466299315515,
        -6.887756955493894,
        -6.969451113363062,
        -7.051214522883425,
        -7.133480340334138
    ],
    "RLPHASE": [
        166.04321695667096,
        165.4605392984251,
        164.86705398727472,
        164.26262001203273,
        163.64706125761265,
        163.02007983569393,
        162.38150015188575,
        161.7312258147426,
        161.0689000319865,
        160.39491163818437,
        159.70835349742185,
        159.00941075858367,
        158.2978596569274,
        157.5745243863128,
        156.83704934871787,
        156.08767851637376,
        155.32520142535427,
        154.54829182684898,
        153.75898063985522,
        152.95764244783305,
        152.1411097823152,
        151.31220060279165,
        150.46951709362085,
        149.61360498759834,
        148.74458961086265,
        147.86242348067108,
        146.96772929297657,
        146.05899667293687,
        145.13789532979862,
        144.20383754836453,
        143.25787417681664,
        142.29839835949,
        141.32988491663943,
        140.3475257408158,
        139.35373207437368,
        138.35027026287025,
        137.33577874591745,
        136.31064311352688,
        135.27721390882718,
        134.23390361751493,
        133.18292223919968,
        132.1233113545422,
        131.05751593657703,
        129.98020805559162,
        128.90332766162916,
        127.82000329524313,
        126.72926231401999,
        125.63828135810823,
        124.54119986888045,
        123.44220931851582,
        122.34422279097198,
        121.24321718237269,
        120.13984828231168,
        119.04073448986422,
        117.94355889961257,
        116.84674749134219,
        115.75391703583034,
        114.66517866850238,
        113.57875634697552,
        112.49889890025393,
        111.42686927863433,
        110.35803448310762,
        109.30085987974032,
        108.2479981250248,
        107.2020619674534,
        106.16835567657405,
        105.14320611478756,
        104.12852434586691,
        103.1233350300608,
        102.1301139887132,
        101.14830891702087,
        100.17670477592202,
        99.21771879630296,
        98.27085029645586,
        97.33721404505427,
        96.41373586366255,
        95.50413347933807,
        94.61073429148594,
        93.72737671329186,
        92.85649399504541,
        92.00285759005297,
        91.15813094580838,
        90.33017878765581,
        89.51312463218163,
        88.71164491928131,
        87.92320811952305,
        87.14437191300063,
        86.38142556347627,
        85.63097680446344,
        84.89432670625386,
        84.17126244339548,
        83.46072362111346,
        82.76147656988064,
        82.07652531319233,
        81.4013058127136,
        80.74068768576001,
        80.08965376817908,
        79.45196354987596,
        78.82591260276426,
        78.21109861256338
    ]
}