{
    "frequencies": [
        1000000,
        2000000,
        3000000,
        4000000,
        5000000,
        6000000,
        7000000,
        8000000,
        9000000,
        10000000,
        11000000,
        12000000,
        13000000,
        14000000,
        15000000,
        16000000,
        17000000,
        18000000,
        19000000,
        20000000,
        21000000,
        22000000,
        23000000,
        24000000,
        25000000,
        26000000,
        27000000,
        28000000,
        29000000,
        30000000,
        31000000,
        32000000,
        33000000,
        34000000,
        35000000,
        36000000,
        37000000,
        38000000,
        39000000,
        40000000,
        41000000,
        42000000,
        43000000,
        44000000,
        45000000,
        46000000,
        47000000,
        48000000,
        49000000,
        50000000,
        51000000,
        52000000,
        53000000,
        54000000,
        55000000,
        56000000,
        57000000,
        58000000,
        59000000,
        60000000,
        61000000,
        62000000,
        63000000,
        64000000,
        65000000,
        66000000,
        67000000,
        68000000,
        69000000,
        70000000,
        71000000,
        72000000,
        73000000,
        74000000,
        75000000,
        76000000,
        77000000,
        78000000,
        79000000,
        80000000,
        81000000,
        82000000,
        83000000,
        84000000,
        85000000,
        86000000,
        87000000,
        88000000,
        89000000,
        90000000,
        91000000,
        92000000,
        93000000,
        94000000,
        95000000,
        96000000,
        97000000,
        98000000,
        99000000,
        100000000
    ],
    "RL": [
        -7.354454901824809,
        -7.255226270826124,
        -7.156797468208238,
        -7.058806760491093,
        -6.961391579906218,
        -6.865639082930128,
        -6.770818900029427,
        -6.675494367689461,
        -6.584338703413124,
        -6.492007427557384,
        -6.402341546885721,
        -6.315582650883945,
        -6.230160215071894,
        -6.145512484384543,
        -6.062536955340835,
        -5.982760691248886,
        -5.906351722389742,
        -5.835084610769028,
        -5.762041212347276,
        -5.695547922228764,
        -5.630373267754556,
        -5.5710645352921615,
        -5.512010805754553,
        -5.463132449893844,
        -5.414255562878011,
        -5.364413732098836,
        -5.328159720302437,
        -5.2903930654194635,
        -5.255636896885938,
        -5.233542400882908,
        -5.21186245192553,
        -5.199269258889042,
        -5.182349960557361,
        -5.173951237377085,
        -5.176717335427547,
        -5.176329992035571,
        -5.188652415541334,
        -5.201956322375182,
        -5.222810304018463,
        -5.243112166233512,
        -5.2737106175742525,
        -5.313725652788453,
        -5.351024584653704,
        -5.380697523249218,
        -5.43431200245796,
        -5.4893569463263585,
        -5.546547510820008,
        -5.602123866452297,
        -5.675389705765978,
        -5.726205163804976,
        -5.804737799734802,
        -5.875538986312053,
        -5.96801581859147,
        -6.047144813183406,
        -6.133423489578719,
        -6.202834020887412,
        -6.286704587727636,
        -6.394350059159651,
        -6.482340558458927,
        -6.566812218685559,
        -6.668981902493849,
        -6.762731697204842,
        -6.8815396805137565,
        -6.973436619281983,
        -7.071311578880724,
        -7.168068684863719,
        -7.277280275464923,
        -7.377266457731917,
        -7.497068214542889,
        -7.585999182075342,
        -7.7058864799768045,
        -7.81160259140581,
        -7.912610360150225,
        -8.023653295222047,
        -8.129093766642901,
        -8.225143522177598,
        -8.34100979412456,
        -8.446986450606794,
        -8.54243282910037,
        -8.665461223094614,
        -8.773181475193702,
        -8.867646166946443,
        -8.983113142106827,
        -9.075700703980543,
        -9.186875727842445,
        -9.298686953231861,
        -9.391576011943961,
        -9.501199470894946,
        -9.59515594640797,
        -9.699734105722262,
        -9.796442984303575,
        -9.904093726993784,
        -9.99880079389011,
        -10.096831702060706,
        -10.185627482710922,
        -10.289942967312758,
        -10.387050197689707,
        -10.46770059714165,
        -10.582012669162673,
        -10.67739836342575
    ],
    "RLPHASE": [
        166.02304576138607,
        165.18902180876344,
        164.33296282404442,
        163.45748089037343,
        162.55951390311526,
        161.63619850537918,
        160.6995816545326,
        159.7339088532942,
        158.74503682742852,
        157.73095215801877,
        156.69704336916575,
        155.6463195610214,
        154.5738533671935,
        153.48105891070372,
        152.35495908961354,
        151.2039601637142,
        150.03996192052972,
        148.84801448135258,
        147.64024559094764,
        146.42214035257888,
        145.16446537673468,
        143.90132033836497,
        142.58558741614465,
        141.29559480448174,
        139.9380988940523,
        138.60780845254934,
        137.26679999225135,
        135.8558643105696,
        134.48532004415628,
        133.10935054011205,
        131.70664392700732,
        130.30650869447607,
        128.87842083165566,
        127.4790452819979,
        126.03320709102513,
        124.62471585104485,
        123.18965612844075,
        121.77846475442234,
        120.3579900000391,
        118.86736845509232,
        117.5715910965495,
        116.17224469603507,
        114.7665874025137,
        113.39847798518143,
        112.01792902018062,
        110.71958413218188,
        109.38913569759646,
        108.04751597341347,
        106.72009187082375,
        105.43651980582749,
        104.20761748786643,
        102.97937278571995,
        101.7601421728542,
        100.5548333707295,
        99.43648284409589,
        98.25406901900503,
        97.12676909341349,
        96.03067712644312,
        94.90292782626099,
        93.77928472082392,
        92.71323748055991,
        91.76697743164605,
        90.6917123245808,
        89.73515063473599,
        88.7974685190792,
        87.87685552636003,
        86.88804096489447,
        85.94548107691988,
        85.12291482967282,
        84.31986688147417,
        83.49026479739439,
        82.66201021660046,
        81.87439863407114,
        81.0336756676647,
        80.25359677878507,
        79.58933502356402,
        78.87773237348128,
        78.21302407381732,
        77.38439780052977,
        76.87095826799658,
        76.12879244643878,
        75.42999370206923,
        74.86914843659189,
        74.17279001655791,
        73.68989159044298,
        73.07774648882517,
        72.51918378249539,
        71.84905951182542,
        71.30077938497725,
        70.76507074723997,
        70.24743466726567,
        69.81427960571908,
        69.18254416328435,
        68.7319486700114,
        68.21624836852473,
        67.71537190148477,
        67.29919797379732,
        66.81387610044905,
        66.33268750759181,
        65.87870127981898
    ]
}