{
    "frequencies": [
        1000000,
        2000000,
        3000000,
        4000000,
        5000000,
        6000000,
        7000000,
        8000000,
        9000000,
        10000000,
        11000000,
        12000000,
        13000000,
        14000000,
        15000000,
        16000000,
        17000000,
        18000000,
        19000000,
        20000000,
        21000000,
        22000000,
        23000000,
        24000000,
        25000000,
        26000000,
        27000000,
        28000000,
        29000000,
        30000000,
        31000000,
        32000000,
        33000000,
        34000000,
        35000000,
        36000000,
        37000000,
        38000000,
        39000000,
        40000000,
        41000000,
        42000000,
        43000000,
        44000000,
        45000000,
        46000000,
        47000000,
        48000000,
        49000000,
        50000000,
        51000000,
        52000000,
        53000000,
        54000000,
        55000000,
        56000000,
        57000000,
        58000000,
        59000000,
        60000000,
        61000000,
        62000000,
        63000000,
        64000000,
        65000000,
        66000000,
        67000000,
        68000000,
        69000000,
        70000000,
        71000000,
        72000000,
        73000000,
        74000000,
        75000000,
        76000000,
        77000000,
        78000000,
        79000000,
        80000000,
        81000000,
        82000000,
        83000000,
        84000000,
        85000000,
        86000000,
        87000000,
        88000000,
        89000000,
        90000000,
        91000000,
        92000000,
        93000000,
        94000000,
        95000000,
        96000000,
        97000000,
        98000000,
        99000000,
        100000000
    ],
    "RL": [
        -7.355201052529708,
        -7.255470166161143,
        -7.156433321012736,
        -7.057953822810595,
        -6.960748653878735,
        -6.863351377458847,
        -6.767580054192887,
        -6.673076759515533,
        -6.580401638219959,
        -6.487987452131475,
        -6.3984071181381585,
        -6.310954962666859,
        -6.223914211944873,
        -6.141649896589242,
        -6.059314324142325,
        -5.978391843749936,
        -5.902055549826825,
        -5.829919744969521,
        -5.758467742224878,
        -5.694743647644774,
        -5.629602627110537,
        -5.570105741841884,
        -5.50770748205987,
        -5.462783116381208,
        -5.410663703120417,
        -5.366194373628187,
        -5.326182371467739,
        -5.290348671796434,
        -5.267145567228527,
        -5.236791160408343,
        -5.219381938771976,
        -5.198402602593094,
        -5.194744044602743,
        -5.185439573194702,
        -5.190832754967225,
        -5.198603465080623,
        -5.211143583121589,
        -5.229420366512033,
        -5.243006270750251,
        -5.267161203801859,
        -5.30985144543298,
        -5.340863896295329,
        -5.375929841565487,
        -5.422044143853046,
        -5.473521117386518,
        -5.532002230165178,
        -5.596126824476498,
        -5.652890151328313,
        -5.718480443593354,
        -5.787147106981431,
        -5.872100163521435,
        -5.9524078946638745,
        -6.03734301114831,
        -6.112528087179852,
        -6.188648258411749,
        -6.294723927640948,
        -6.380088248442414,
        -6.476663268802374,
        -6.57310222496693,
        -6.647675131405137,
        -6.766191858000509,
        -6.869787897257611,
        -6.9729603337987935,
        -7.070060254152844,
        -7.1667984500565876,
        -7.274197335264216,
        -7.383198088324542,
        -7.4908610490194905,
        -7.596383711290851,
        -7.710473875646262,
        -7.818038186299184,
        -7.917887217181827,
        -8.037064957660265,
        -8.129838086757967,
        -8.248138509233184,
        -8.347822413446819,
        -8.453643267929538,
        -8.581423435888958,
        -8.668100766656279,
        -8.778439274838728,
        -8.886492490409184,
        -8.995668405775037,
        -9.108150428574863,
        -9.207803542177231,
        -9.31660503727128,
        -9.426860391718902,
        -9.519528507646573,
        -9.629087033321772,
        -9.722894632657798,
        -9.835296507427103,
        -9.9082813487706,
        -10.03738419819911,
        -10.123910762994337,
        -10.247291048419873,
        -10.348475982480972,
        -10.43012052338856,
        -10.532024797678552,
        -10.641589934893215,
        -10.740094292173719,
        -10.80270066536265
    ],
    "RLPHASE": [
        166.0222846379888,
        165.1799803511917,
        164.31732526901163,
        163.4325872948902,
        162.52572797695657,
        161.59520350450893,
        160.64529956941863,
        159.66784475799543,
        158.67913611775657,
        157.64369342168732,
        156.61783498032193,
        155.54246121766198,
        154.45736915004161,
        153.34062505743685,
        152.20056359655075,
        151.0466736551308,
        149.86170049498605,
        148.6595956228808,
        147.43763920999757,
        146.17167590354637,
        144.91962794206964,
        143.6202571150899,
        142.32165894525133,
        140.97858964872356,
        139.66081295452486,
        138.30018693009706,
        136.92378130552146,
        135.54070085446705,
        134.1555553126207,
        132.70988117200898,
        131.32718561013493,
        129.8641759037506,
        128.48018478072586,
        127.0104110156661,
        125.58142654224548,
        124.16525354096845,
        122.6938490753572,
        121.2996379324239,
        119.8425620868455,
        118.42472357298243,
        117.00149884994913,
        115.64308156006801,
        114.23229442142161,
        112.8656852388437,
        111.38303270534995,
        110.09447803629325,
        108.73274130331836,
        107.43972408967453,
        106.1094316474615,
        104.86904992101465,
        103.60381389780494,
        102.28958501984049,
        101.13622456489757,
        99.9360655587355,
        98.71237742165313,
        97.54646171625647,
        96.48910672451278,
        95.34079917766783,
        94.25234031610904,
        93.2038141737101,
        92.08554282696961,
        91.09179121874885,
        90.09673846929553,
        89.06161066826138,
        88.16673926028871,
        87.1946009055138,
        86.24601748096192,
        85.40866624792733,
        84.50720393033853,
        83.7407510560674,
        82.89285608961484,
        82.07947931511873,
        81.25625034486526,
        80.52783682053744,
        79.64349948946796,
        78.94764824369739,
        78.27510701697136,
        77.56279978911002,
        76.89844820543023,
        76.17042024346058,
        75.51094479526776,
        74.88714192376624,
        74.21620551222148,
        73.60043316329086,
        73.03909755710525,
        72.34897035593849,
        71.82315848652891,
        71.31047153348204,
        70.78536320706972,
        70.21331664585946,
        69.68387155250983,
        69.20453535431895,
        68.5895739433327,
        68.14767687427447,
        67.656111928536,
        67.17162903265334,
        66.78307062244181,
        66.3461301025779,
        65.99627112355559,
        65.38722713668534
    ]
}