{
    "frequencies": [
        1000000,
        1010101,
        1020202,
        1030303,
        1040404,
        1050505,
        1060606,
        1070707,
        1080808,
        1090909,
        1101010,
        1111111,
        1121212,
        1131313,
        1141414,
        1151515,
        1161616,
        1171717,
        1181818,
        1191919,
        1202020,
        1212121,
        1222222,
        1232323,
        1242424,
        1252525,
        1262626,
        1272727,
        1282828,
        1292929,
        1303030,
        1313131,
        1323232,
        1333333,
        1343434,
        1353535,
        1363636,
        1373737,
        1383838,
        1393939,
        1404040,
        1414141,
        1424242,
        1434343,
        1444444,
        1454545,
        1464646,
        1474747,
        1484848,
        1494949,
        1505050,
        1515151,
        1525252,
        1535353,
        1545454,
        1555555,
        1565656,
        1575757,
        1585858,
        1595959,
        1606060,
        1616161,
        1626262,
        1636363,
        1646464,
        1656565,
        1666666,
        1676767,
        1686868,
        1696969,
        1707070,
        1717171,
        1727272,
        1737373,
        1747474,
        1757575,
        1767676,
        1777777,
        1787878,
        1797979,
        1808080,
        1818181,
        1828282,
        1838383,
        1848484,
        1858585,
        1868686,
        1878787,
        1888888,
        1898989,
        1909090,
        1919191,
        1929292,
        1939393,
        1949494,
        1959595,
        1969696,
        1979797,
        1989898,
        1999999
    ],
    "RL": [
        -7.330411943697834,
        -7.251973336701267,
        -7.173608730174692,
        -7.095304288043975,
        -7.0171695209587215,
        -6.939175452457471,
        -6.861395629483504,
        -6.78391223519265,
        -6.706679273030711,
        -6.629837409847811,
        -6.553270055932753,
        -6.477331254522932,
        -6.401690875617408,
        -6.32678327872338,
        -6.252326109729839,
        -6.178583068939486,
        -6.105537361672858,
        -6.03329124144167,
        -5.9616633230231795,
        -5.891230614986912,
        -5.821657399614858,
        -5.753095577898558,
        -5.685752289218103,
        -5.619573446891678,
        -5.5545559138156895,
        -5.490924760421655,
        -5.428964130589908,
        -5.368166551366508,
        -5.309230958121018,
        -5.251561154251469,
        -5.195953342472917,
        -5.141928649362212,
        -5.089942775739132,
        -5.039783827230462,
        -4.9919491580530035,
        -4.946122269065351,
        -4.9023640606398615,
        -4.860895397123234,
        -4.822227396838432,
        -4.78546980113299,
        -4.751516864650217,
        -4.7200881061605235,
        -4.691313408857586,
        -4.6654662624474765,
        -4.6419149804681865,
        -4.621199475067124,
        -4.603306863313115,
        -4.588452374125975,
        -4.576607896932932,
        -4.56731192929298,
        -4.561069028378007,
        -4.558329439096253,
        -4.558096903829263,
        -4.560840952819463,
        -4.566463630597138,
        -4.575047211738323,
        -4.586543654137415,
        -4.601529729874648,
        -4.618559990133383,
        -4.639739289548876,
        -4.662273973458391,
        -4.688547923289958,
        -4.716735484187425,
        -4.748962381307126,
        -4.782144962874521,
        -4.819379799289438,
        -4.8581286132411945,
        -4.899578409925524,
        -4.944014558185477,
        -4.989671168377498,
        -5.0382707725008204,
        -5.088851702989393,
        -5.141419669686042,
        -5.195786390073641,
        -5.252601592869993,
        -5.310667216486399,
        -5.371160625196491,
        -5.432478113815838,
        -5.495986382376456,
        -5.560932372201348,
        -5.627176746467998,
        -5.694476802765487,
        -5.7639738298418095,
        -5.833538171237466,
        -5.904799451673618,
        -5.977510668528452,
        -6.049952563862906,
        -6.124201585901547,
        -6.199188858486552,
        -6.275101926195178,
        -6.351255033066363,
        -6.428476897617912,
        -6.506464688686757,
        -6.5848270502682364,
        -6.663416377774879,
        -6.743024609778678,
        -6.822475733885044,
        -6.902525211868924,
        -6.982767262350431,
        -7.063533853646373
    ],
    "RLPHASE": [
        166.05123558414564,
        165.47569694436856,
        164.88975756565284,
        164.29356827687525,
        163.6866447661412,
        163.06871941857221,
        162.43987647168993,
        161.79935498693703,
        161.14835241659458,
        160.48553498886304,
        159.81090911784153,
        159.12445126926346,
        158.42585461992977,
        157.71521800118094,
        156.99278807464216,
        156.2575120917363,
        155.51009927291585,
        154.74997731070147,
        153.97760147912857,
        153.1917152090591,
        152.3939751614233,
        151.58271233481435,
        150.75937632489465,
        149.92386116399072,
        149.07455992817415,
        148.2136054676114,
        147.33835096687932,
        146.45338163360742,
        145.55370750473108,
        144.64165796267704,
        143.71888609866616,
        142.78481235679857,
        141.84076222361438,
        140.88017645869252,
        139.91097472703558,
        138.9322021829832,
        137.94445011079557,
        136.94514356470899,
        135.93661163568154,
        134.91918029238468,
        133.89224492043903,
        132.86016468318937,
        131.81950434965702,
        130.76783380089583,
        129.71410001412755,
        128.65579871675,
        127.59060520942786,
        126.52207539271329,
        125.44977246122653,
        124.3761890341291,
        123.29634228836736,
        122.216577968414,
        121.13810939722204,
        120.0590576018324,
        118.98254689625651,
        117.90374161197576,
        116.82892050087055,
        115.75801818955175,
        114.68819138670075,
        113.62479068933311,
        112.56340717275398,
        111.51392754917738,
        110.46395179544352,
        109.42323103877294,
        108.39015550447697,
        107.36882920384184,
        106.34879201470892,
        105.34520468335838,
        104.3441076587262,
        103.35729042083237,
        102.37898886173791,
        101.41076866700702,
        100.45645282788796,
        99.51286126662544,
        98.58029980791108,
        97.65585455898263,
        96.74846187397738,
        95.85031297664436,
        94.96497588077045,
        94.09568484860395,
        93.23464330939478,
        92.38789360003334,
        91.55606330854222,
        90.73313070228632,
        89.92531191563673,
        89.13078708232234,
        88.3484379239373,
        87.5781964513295,
        86.82173307498519,
        86.07484091923615,
        85.34308061302363,
        84.62492801507153,
        83.9155848611937,
        83.22242043913009,
        82.53851459119049,
        81.86654299013165,
        81.2072200127253,
        80.5588068841946,
        79.92364003205519,
        79.2987005922618
    ]
}