{
    "frequencies": [
        1000000,
        2000000,
        3000000,
        4000000,
        5000000,
        6000000,
        7000000,
        8000000,
        9000000,
        10000000,
        11000000,
        12000000,
        13000000,
        14000000,
        15000000,
        16000000,
        17000000,
        18000000,
        19000000,
        20000000,
        21000000,
        22000000,
        23000000,
        24000000,
        25000000,
        26000000,
        27000000,
        28000000,
        29000000,
        30000000,
        31000000,
        32000000,
        33000000,
        34000000,
        35000000,
        36000000,
        37000000,
        38000000,
        39000000,
        40000000,
        41000000,
        42000000,
        43000000,
        44000000,
        45000000,
        46000000,
        47000000,
        48000000,
        49000000,
        50000000,
        51000000,
        52000000,
        53000000,
        54000000,
        55000000,
        56000000,
        57000000,
        58000000,
        59000000,
        60000000,
        61000000,
        62000000,
        63000000,
        64000000,
        65000000,
        66000000,
        67000000,
        68000000,
        69000000,
        70000000,
        71000000,
        72000000,
        73000000,
        74000000,
        75000000,
        76000000,
        77000000,
        78000000,
        79000000,
        80000000,
        81000000,
        82000000,
        83000000,
        84000000,
        85000000,
        86000000,
        87000000,
        88000000,
        89000000,
        90000000,
        91000000,
        92000000,
        93000000,
        94000000,
        95000000,
        96000000,
        97000000,
        98000000,
        99000000,
        100000000
    ],
    "RL": [
        -7.352938175548354,
        -7.255463837191246,
        -7.158522492370754,
        -7.062543207330241,
        -6.966796521811124,
        -6.872357347396839,
        -6.779215035608301,
        -6.686458159727334,
        -6.595575026102293,
        -6.505270127444954,
        -6.4164169077102,
        -6.33069174458334,
        -6.24521514823414,
        -6.163497792742605,
        -6.082578202918159,
        -6.0040181628039235,
        -5.929409207716281,
        -5.853644011289156,
        -5.786001538329321,
        -5.7190668250205166,
        -5.655307909501416,
        -5.593817860480318,
        -5.535083205103708,
        -5.4820560188415035,
        -5.430441286459536,
        -5.382935460607684,
        -5.344851077164617,
        -5.303322827723685,
        -5.270588359814113,
        -5.242446087764705,
        -5.219629957781372,
        -5.194198787984437,
        -5.183761088641256,
        -5.174216409608797,
        -5.166173620958055,
        -5.172836061257055,
        -5.166752237487728,
        -5.179270503948002,
        -5.19902735400501,
        -5.210304455979915,
        -5.233300388505414,
        -5.271727540141043,
        -5.296818977465047,
        -5.333290164289144,
        -5.372739503584231,
        -5.421041210970289,
        -5.467517813578773,
        -5.529018713255054,
        -5.581787645839843,
        -5.64600998800544,
        -5.710630122992654,
        -5.78405294298288,
        -5.8404476200284625,
        -5.928273578368452,
        -6.000279372457315,
        -6.073142062522043,
        -6.162240786177723,
        -6.244317595063381,
        -6.325408350568148,
        -6.418754917012763,
        -6.504670881661903,
        -6.600646074501492,
        -6.688911526022535,
        -6.783324618666031,
        -6.887020435392348,
        -6.985472261201803,
        -7.075089343677753,
        -7.185554824901254,
        -7.283502682739326,
        -7.373553894497161,
        -7.479554487590203,
        -7.59031608633613,
        -7.675831947759839,
        -7.780215673598578,
        -7.890327307042875,
        -7.985043497137392,
        -8.089694889443999,
        -8.199553086943602,
        -8.293647919959358,
        -8.398614424406432,
        -8.486905776504871,
        -8.604103506694507,
        -8.69357343064875,
        -8.798299183922067,
        -8.914875409760775,
        -9.010471842144282,
        -9.109955745766097,
        -9.20054291204458,
        -9.300449358782954,
        -9.400880411998813,
        -9.493189955701915,
        -9.582909616589566,
        -9.691466182394672,
        -9.788257887187097,
        -9.88132179664834,
        -9.972818286357395,
        -10.079706203037766,
        -10.171698891023604,
        -10.256030860007439,
        -10.358817376791876
    ],
    "RLPHASE": [
        166.02633292359218,
        165.20821677894963,
        164.36942207976776,
        163.51287498729081,
        162.63205144110088,
        161.73216594364067,
        160.81097006413796,
        159.86837421888438,
        158.91237483813092,
        157.92518332742864,
        156.91686361246926,
        155.8939644261215,
        154.85203691777414,
        153.78007078953897,
        152.68575352918936,
        151.56687771392635,
        150.4289923788328,
        149.28536241466003,
        148.1130958893735,
        146.90680452152827,
        145.72119352872895,
        144.4885232122759,
        143.22554430850803,
        141.95955988206583,
        140.66212677930005,
        139.37275808963275,
        138.0511573296603,
        136.74554185750145,
        135.39205051735073,
        134.06651205640517,
        132.68068631330726,
        131.3353766092593,
        129.97062334171466,
        128.59572977057803,
        127.215122549792,
        125.81889986940305,
        124.43536712299041,
        123.06575467853335,
        121.67217316212455,
        120.32685071372853,
        118.94427505492258,
        117.55125822298214,
        116.2421904742923,
        114.89837882947273,
        113.5634301102509,
        112.2770890574778,
        110.95334500239666,
        109.67859361768116,
        108.366420515663,
        107.12032117076876,
        105.85781177201983,
        104.64707031257343,
        103.46217181435865,
        102.27384271578471,
        101.14801935540737,
        99.97151317129175,
        98.84796161117072,
        97.74020829835051,
        96.65862762410609,
        95.63832174855177,
        94.5829863536094,
        93.6110342992966,
        92.53803826109764,
        91.52458524603155,
        90.59862550852608,
        89.69018703918822,
        88.78467341263534,
        87.83925576555524,
        86.95965094532085,
        86.14943959664832,
        85.18984386483181,
        84.47277403757622,
        83.67320842158527,
        82.91020942029685,
        82.16385721060205,
        81.36882628069252,
        80.647677933341,
        79.94225181994237,
        79.20773777755004,
        78.5562988351752,
        77.91562761223,
        77.21854934374933,
        76.59518153030025,
        76.00909138031983,
        75.37772735011339,
        74.7813778471973,
        74.11606907885509,
        73.62214662330443,
        73.04446729630337,
        72.50620539811386,
        71.9699555589607,
        71.39475067091742,
        70.9257540989052,
        70.358223309474,
        69.96584035501924,
        69.47076073981005,
        68.94727858876671,
        68.50456299395752,
        68.07768525718758,
        67.64897141056633
    ]
}