{
    "frequencies": [
        1000000,
        1010101,
        1020202,
        1030303,
        1040404,
        1050505,
        1060606,
        1070707,
        1080808,
        1090909,
        1101010,
        1111111,
        1121212,
        1131313,
        1141414,
        1151515,
        1161616,
        1171717,
        1181818,
        1191919,
        1202020,
        1212121,
        1222222,
        1232323,
        1242424,
        1252525,
        1262626,
        1272727,
        1282828,
        1292929,
        1303030,
        1313131,
        1323232,
        1333333,
        1343434,
        1353535,
        1363636,
        1373737,
        1383838,
        1393939,
        1404040,
        1414141,
        1424242,
        1434343,
        1444444,
        1454545,
        1464646,
        1474747,
        1484848,
        1494949,
        1505050,
        1515151,
        1525252,
        1535353,
        1545454,
        1555555,
        1565656,
        1575757,
        1585858,
        1595959,
        1606060,
        1616161,
        1626262,
        1636363,
        1646464,
        1656565,
        1666666,
        1676767,
        1686868,
        1696969,
        1707070,
        1717171,
        1727272,
        1737373,
        1747474,
        1757575,
        1767676,
        1777777,
        1787878,
        1797979,
        1808080,
        1818181,
        1828282,
        1838383,
        1848484,
        1858585,
        1868686,
        1878787,
        1888888,
        1898989,
        1909090,
        1919191,
        1929292,
        1939393,
        1949494,
        1959595,
        1969696,
        1979797,
        1989898,
        1999999
    ],
    "RL": [
        -7.339670655118776,
        -7.246747489507727,
        -7.153958261828742,
        -7.061338950115447,
        -6.968882645519473,
        -6.876895684756058,
        -6.785047407868975,
        -6.693720456901251,
        -6.602848284681581,
        -6.512637857118461,
        -6.422849884666868,
        -6.334013826857437,
        -6.245674403837645,
        -6.158693945175311,
        -6.072177549339522,
        -5.986943126230856,
        -5.903036177710773,
        -5.820258343966566,
        -5.738442765995561,
        -5.65850834137446,
        -5.580620705192137,
        -5.503749493478484,
        -5.429382163261821,
        -5.356479908868353,
        -5.285791812140138,
        -5.216908218833485,
        -5.149749311374264,
        -5.086346544227611,
        -5.025284710445557,
        -4.966648522589017,
        -4.9101270643524515,
        -4.856700497861236,
        -4.806364899672369,
        -4.760162814137577,
        -4.7155698034317215,
        -4.675758904263587,
        -4.637713614818454,
        -4.606066512353479,
        -4.5741548776615755,
        -4.548289670172259,
        -4.524634221734247,
        -4.506086924275761,
        -4.491532429304138,
        -4.482165192341887,
        -4.471881692168065,
        -4.470128783150785,
        -4.468626481740559,
        -4.4725150691175015,
        -4.479781408381916,
        -4.49404411726808,
        -4.507217779921024,
        -4.527017930692685,
        -4.548683317344206,
        -4.576056003834811,
        -4.606159665183699,
        -4.6396433244762445,
        -4.677155701661198,
        -4.7160277725256865,
        -4.760094792463917,
        -4.807133776350713,
        -4.855919749683787,
        -4.908397166186829,
        -4.963543464477193,
        -5.021503241120396,
        -5.079635761719839,
        -5.14372093539929,
        -5.207583191168864,
        -5.273525071990633,
        -5.344112558750139,
        -5.41347049295228,
        -5.486446939961667,
        -5.561050555153084,
        -5.636512020964654,
        -5.714832853061203,
        -5.791089012086435,
        -5.872677286037987,
        -5.951575087381081,
        -6.0342416060484405,
        -6.11598389050239,
        -6.200357899551826,
        -6.285642754403198,
        -6.371749598321063,
        -6.457373971028776,
        -6.543154301616518,
        -6.629568056289674,
        -6.717181573594749,
        -6.805660953761886,
        -6.893914801968988,
        -6.982280584056771,
        -7.070107445952271,
        -7.1565703419661855,
        -7.246709305612794,
        -7.33454442783763,
        -7.423978461913993,
        -7.512305990210317,
        -7.600807255162945,
        -7.688290287655299,
        -7.7777001069100224,
        -7.864676386274365,
        -7.952792876104848
    ],
    "RLPHASE": [
        166.01548630863104,
        165.35477948539787,
        164.6803583135072,
        163.99203887121374,
        163.28861593115334,
        162.57092933406102,
        161.83924323545915,
        161.09166963663878,
        160.32960146790433,
        159.5513413742353,
        158.7566241461821,
        157.9475331871298,
        157.12225186178424,
        156.27799180310768,
        155.42082522886437,
        154.54560895738604,
        153.6534316947304,
        152.7458707274826,
        151.82136937367565,
        150.8802234860638,
        149.9199163360852,
        148.94463060298386,
        147.95279051517275,
        146.94755064380567,
        145.92314779235753,
        144.8802412194581,
        143.82594384271917,
        142.75670691705062,
        141.67402086319407,
        140.57671179737412,
        139.4607764643251,
        138.33520046375543,
        137.19068656373193,
        136.0480622279658,
        134.88196598452296,
        133.70700677978064,
        132.52134911061603,
        131.33359323504337,
        130.13141710149358,
        128.9233649036534,
        127.71343816167507,
        126.50098972240468,
        125.26864820030481,
        124.04412554620188,
        122.82084623267308,
        121.5840503561462,
        120.36814885540325,
        119.13863658840708,
        117.92148097546242,
        116.68577913972581,
        115.47980698134722,
        114.25945630390243,
        113.07187566440712,
        111.86342200781874,
        110.68038760226455,
        109.48307413646798,
        108.33665666397776,
        107.1739413514138,
        106.02642965453218,
        104.8931704912209,
        103.78069878964355,
        102.66214526930335,
        101.5755729836651,
        100.50292224422581,
        99.43084593442843,
        98.37311070052358,
        97.35527013721442,
        96.34141345306347,
        95.33681469726251,
        94.35309807881252,
        93.3784952874331,
        92.43634796129437,
        91.49532415339608,
        90.59014754300357,
        89.69400001055733,
        88.79749038399883,
        87.93527722286017,
        87.08438024078555,
        86.24024853650293,
        85.42264536051744,
        84.6211164136554,
        83.84630738399534,
        83.0656162160882,
        82.3100337691797,
        81.56742067842283,
        80.85044389394741,
        80.14200311227549,
        79.44686793775068,
        78.76496863063517,
        78.10372498848929,
        77.44829509824264,
        76.80243288813995,
        76.17573277150335,
        75.56513391099789,
        74.96987108651759,
        74.36877975833133,
        73.78978393712077,
        73.23351739032732,
        72.67660263912629,
        72.143646332724
    ]
}