{
    "frequencies": [
        1000000,
        2000000,
        3000000,
        4000000,
        5000000,
        6000000,
        7000000,
        8000000,
        9000000,
        10000000,
        11000000,
        12000000,
        13000000,
        14000000,
        15000000,
        16000000,
        17000000,
        18000000,
        19000000,
        20000000,
        21000000,
        22000000,
        23000000,
        24000000,
        25000000,
        26000000,
        27000000,
        28000000,
        29000000,
        30000000,
        31000000,
        32000000,
        33000000,
        34000000,
        35000000,
        36000000,
        37000000,
        38000000,
        39000000,
        40000000,
        41000000,
        42000000,
        43000000,
        44000000,
        45000000,
        46000000,
        47000000,
        48000000,
        49000000,
        50000000,
        51000000,
        52000000,
        53000000,
        54000000,
        55000000,
        56000000,
        57000000,
        58000000,
        59000000,
        60000000,
        61000000,
        62000000,
        63000000,
        64000000,
        65000000,
        66000000,
        67000000,
        68000000,
        69000000,
        70000000,
        71000000,
        72000000,
        73000000,
        74000000,
        75000000,
        76000000,
        77000000,
        78000000,
        79000000,
        80000000,
        81000000,
        82000000,
        83000000,
        84000000,
        85000000,
        86000000,
        87000000,
        88000000,
        89000000,
        90000000,
        91000000,
        92000000,
        93000000,
        94000000,
        95000000,
        96000000,
        97000000,
        98000000,
        99000000,
        100000000
    ],
    "RL": [
        -7.33040997107407,
        -7.251903500285329,
        -7.173466312273172,
        -7.095134476793964,
        -7.01690545156625,
        -6.938838990142063,
        -6.8610312993707225,
        -6.783493168153649,
        -6.706107960593365,
        -6.629181093379478,
        -6.552629046731843,
        -6.4765303442001345,
        -6.400908856098902,
        -6.325814450916636,
        -6.251289097423105,
        -6.177450067335284,
        -6.104326840579722,
        -6.032012623423096,
        -5.960483306634229,
        -5.88998868295902,
        -5.820233195861514,
        -5.751691341217276,
        -5.684090097242869,
        -5.617875758278087,
        -5.552855253327761,
        -5.489273658117533,
        -5.426961082319567,
        -5.366232199180786,
        -5.306629564043162,
        -5.249504477884438,
        -5.193671867508844,
        -5.139817899374107,
        -5.08776916234313,
        -5.037663144339067,
        -4.989431205637031,
        -4.9435634920382405,
        -4.900142178689453,
        -4.85840504147991,
        -4.819656821421647,
        -4.783306301277641,
        -4.748939346332455,
        -4.7171734900354,
        -4.688719503498447,
        -4.662973198674864,
        -4.639079273754244,
        -4.618512785700224,
        -4.600776697553931,
        -4.585499419929976,
        -4.573917983518906,
        -4.56408863287681,
        -4.5584392814660974,
        -4.555008315487388,
        -4.55511424636918,
        -4.557659984972885,
        -4.563489375582811,
        -4.572182558459619,
        -4.584013997904539,
        -4.598116778114383,
        -4.615867108708474,
        -4.636513452920922,
        -4.659449674364532,
        -4.685628494619227,
        -4.714420705917397,
        -4.745969153961537,
        -4.78032463321391,
        -4.816056243313562,
        -4.855707710974455,
        -4.897565315770073,
        -4.941689727043472,
        -4.987582326371985,
        -5.0363068065409795,
        -5.08673559521732,
        -5.139585683390537,
        -5.1943108174689945,
        -5.250725021134567,
        -5.3089723114542675,
        -5.369220111009011,
        -5.431150941958746,
        -5.4942211987944365,
        -5.559318028906262,
        -5.625355645739923,
        -5.692816423661771,
        -5.761868143979626,
        -5.83256903069945,
        -5.903444886358598,
        -5.97562687113315,
        -6.049223718054586,
        -6.123290291174468,
        -6.1983557865141705,
        -6.274496140410436,
        -6.350519937785425,
        -6.427716372965575,
        -6.505572013554058,
        -6.583959550831193,
        -6.662855402355289,
        -6.742151580673244,
        -6.821899592461101,
        -6.901781163142502,
        -6.982192096629164,
        -7.062626854671558
    ],
    "RLPHASE": [
        166.05097095458027,
        165.4755204032633,
        164.88980647851662,
        164.29344074381254,
        163.68653556290752,
        163.06884808788556,
        162.43987705072198,
        161.79968002561617,
        161.14875241046244,
        160.48550631986157,
        159.81116972721077,
        159.12433309634278,
        158.42556000499076,
        157.7154582327268,
        156.99273572746463,
        156.25786182659874,
        155.50931565843229,
        154.7488585301921,
        153.97619861272094,
        153.19118331985155,
        152.3929744550977,
        151.5822212632232,
        150.75874658039191,
        149.92125894245657,
        149.0730223823836,
        148.2113232674107,
        147.33693634997402,
        146.44878466219777,
        145.5500080890935,
        144.6403590467887,
        143.71535282990743,
        142.7797545847997,
        141.83326616097415,
        140.8748516337742,
        139.9070407744982,
        138.9266687159134,
        137.93701768282517,
        136.93573002622114,
        135.92889932969283,
        134.9111599582226,
        133.88434184520895,
        132.8500528711705,
        131.80674995001576,
        130.75903576505607,
        129.7049879420582,
        128.64489818725303,
        127.58047318744809,
        126.50812128991647,
        125.43665684376194,
        124.35917293798262,
        123.28044099015769,
        122.20423624332496,
        121.12350176334887,
        120.04387809136607,
        118.96317054291052,
        117.886036200091,
        116.81131955683027,
        115.73804639657368,
        114.66984615750276,
        113.6022941985914,
        112.54672401456156,
        111.49126811767356,
        110.44669910743781,
        109.40363996999156,
        108.36956949562128,
        107.34449607359092,
        106.32752946084383,
        105.32157634519643,
        104.3226949942654,
        103.33461217957934,
        102.3553344072439,
        101.38754663526838,
        100.43008191924613,
        99.4850587376654,
        98.55110252030696,
        97.63108981375878,
        96.72270796528991,
        95.82245548219042,
        94.93894761716707,
        94.06912732975448,
        93.20867266032634,
        92.35951031171614,
        91.52652828150941,
        90.70726616809382,
        89.89962501791352,
        89.10270576829043,
        88.3189610257688,
        87.55116506863679,
        86.79424363926466,
        86.04961759639909,
        85.3185267514592,
        84.59574782610531,
        83.8876976594291,
        83.19450600331014,
        82.50957289627743,
        81.8387663753032,
        81.18006668851913,
        80.53088545912817,
        79.896868661881,
        79.27338409958472
    ]
}