{
    "frequencies": [
        1000000,
        1010101,
        1020202,
        1030303,
        1040404,
        1050505,
        1060606,
        1070707,
        1080808,
        1090909,
        1101010,
        1111111,
        1121212,
        1131313,
        1141414,
        1151515,
        1161616,
        1171717,
        1181818,
        1191919,
        1202020,
        1212121,
        1222222,
        1232323,
        1242424,
        1252525,
        1262626,
        1272727,
        1282828,
        1292929,
        1303030,
        1313131,
        1323232,
        1333333,
        1343434,
        1353535,
        1363636,
        1373737,
        1383838,
        1393939,
        1404040,
        1414141,
        1424242,
        1434343,
        1444444,
        1454545,
        1464646,
        1474747,
        1484848,
        1494949,
        1505050,
        1515151,
        1525252,
        1535353,
        1545454,
        1555555,
        1565656,
        1575757,
        1585858,
        1595959,
        1606060,
        1616161,
        1626262,
        1636363,
        1646464,
        1656565,
        1666666,
        1676767,
        1686868,
        1696969,
        1707070,
        1717171,
        1727272,
        1737373,
        1747474,
        1757575,
        1767676,
        1777777,
        1787878,
        1797979,
        1808080,
        1818181,
        1828282,
        1838383,
        1848484,
        1858585,
        1868686,
        1878787,
        1888888,
        1898989,
        1909090,
        1919191,
        1929292,
        1939393,
        1949494,
        1959595,
        1969696,
        1979797,
        1989898,
        1999999
    ],
    "RL": [
        -7.3304064633818555,
        -7.251962455139633,
        -7.17357496662059,
        -7.0952623754000115,
        -7.017135691331136,
        -6.93913530732257,
        -6.861354027120228,
        -6.783810661979173,
        -6.706576487595952,
        -6.629750684403664,
        -6.553230865593492,
        -6.477201197158118,
        -6.401613588954346,
        -6.32659901393147,
        -6.251977010196798,
        -6.178324760977091,
        -6.105263369400129,
        -6.032960382727584,
        -5.96154193250687,
        -5.891056646363432,
        -5.821498234971233,
        -5.75280475650195,
        -5.685439954799482,
        -5.619304344997839,
        -5.554119043778619,
        -5.490835008362527,
        -5.4283867077565775,
        -5.367712615177343,
        -5.308619567754807,
        -5.251184678384061,
        -5.195442478903526,
        -5.1413085358687125,
        -5.089379110891514,
        -5.0394093940799864,
        -4.991807111337798,
        -4.945671578339488,
        -4.9019061584373205,
        -4.860730078637027,
        -4.8219890106330645,
        -4.785149844720417,
        -4.751164333547157,
        -4.7196789908057175,
        -4.690760889109491,
        -4.664899034460251,
        -4.641155273881598,
        -4.6204133720002,
        -4.6026986896168705,
        -4.58780383354381,
        -4.576227216265892,
        -4.56690228820057,
        -4.560992762717683,
        -4.557251037127449,
        -4.55716435332248,
        -4.560089489349865,
        -4.565849230775008,
        -4.574660468333112,
        -4.586252752407657,
        -4.600516760880199,
        -4.618246048159829,
        -4.6385056176449275,
        -4.6619614208159375,
        -4.687807294568823,
        -4.716839209979012,
        -4.747755934705646,
        -4.781806993938515,
        -4.81892216090939,
        -4.857464189118527,
        -4.89891294931554,
        -4.943119344481962,
        -4.989499973492066,
        -5.037840417153316,
        -5.08851551347174,
        -5.141315765985813,
        -5.195679854088268,
        -5.251956950817722,
        -5.310481783087466,
        -5.370172880928688,
        -5.431995376058731,
        -5.496003648391861,
        -5.560424792801287,
        -5.626398647080876,
        -5.69434650750256,
        -5.762999621193277,
        -5.833437033372295,
        -5.904161014933425,
        -5.976767448954209,
        -6.050242590078492,
        -6.124128919734052,
        -6.198952152903657,
        -6.27438940072583,
        -6.35120887381185,
        -6.428695436515763,
        -6.506487131154694,
        -6.584468749303274,
        -6.663038363031357,
        -6.742848123355428,
        -6.822261745630089,
        -6.901917798525471,
        -6.9826385729917515,
        -7.06275563525217
    ],
    "RLPHASE": [
        166.05120322299845,
        165.4756542590439,
        164.88987149298666,
        164.29350922124334,
        163.68641168199227,
        163.0687007367705,
        162.44002255567278,
        161.79984426262732,
        161.14847262281282,
        160.48540533123884,
        159.81075769861286,
        159.12443284086154,
        158.42633313370712,
        157.71543817948827,
        156.9930445068607,
        156.25799740260663,
        155.51070875951714,
        154.75057277880262,
        153.97673405885809,
        153.19214388136464,
        152.39422546602412,
        151.58262817403028,
        150.75877203323125,
        149.92287467446923,
        149.0752985507161,
        148.21257331466674,
        147.3391485452715,
        146.45138103175952,
        145.55410864072488,
        144.6420557198734,
        143.7189536271164,
        142.78385901558528,
        141.83716127134036,
        140.88113721294815,
        139.9109470146305,
        138.93399834681878,
        137.94315533426365,
        136.94233859481784,
        135.935475438202,
        134.9162768948319,
        133.8919093166368,
        132.8580466440584,
        131.81672343802157,
        130.76563965477612,
        129.71423006151517,
        128.65425631437807,
        127.59105069173579,
        126.52257693086601,
        125.44864110208815,
        124.373405640961,
        123.29523897489634,
        122.21565124664055,
        121.13635758714842,
        120.05840151317112,
        118.97989282352788,
        117.90265368938057,
        116.8268523149502,
        115.7515595414484,
        114.68554254405227,
        113.62301318901058,
        112.56303066903814,
        111.50903608982254,
        110.46296289626527,
        109.4199517897253,
        108.38734451936378,
        107.36284493398904,
        106.34587485613558,
        105.33721380082473,
        104.3404238344335,
        103.35523388329993,
        102.37561362505778,
        101.40980546696827,
        100.45122101666202,
        99.50529541680945,
        98.57410508103082,
        97.65122078409779,
        96.74453181248377,
        95.84575967636563,
        94.9641961170081,
        94.08979504357035,
        93.23017122917379,
        92.3865431963656,
        91.54820723955254,
        90.72908280309375,
        89.92084732726495,
        89.12811724086205,
        88.34328494795241,
        87.57443495092397,
        86.8168873091171,
        86.07107407078522,
        85.33945873796453,
        84.61718372554601,
        83.91196795977767,
        83.21635925903901,
        82.53503061339468,
        81.86533409799621,
        81.20302169756324,
        80.5551094909753,
        79.91979379184075,
        79.29642392004325
    ]
}