{
    "frequencies": [
        1000000,
        2000000,
        3000000,
        4000000,
        5000000,
        6000000,
        7000000,
        8000000,
        9000000,
        10000000,
        11000000,
        12000000,
        13000000,
        14000000,
        15000000,
        16000000,
        17000000,
        18000000,
        19000000,
        20000000,
        21000000,
        22000000,
        23000000,
        24000000,
        25000000,
        26000000,
        27000000,
        28000000,
        29000000,
        30000000,
        31000000,
        32000000,
        33000000,
        34000000,
        35000000,
        36000000,
        37000000,
        38000000,
        39000000,
        40000000,
        41000000,
        42000000,
        43000000,
        44000000,
        45000000,
        46000000,
        47000000,
        48000000,
        49000000,
        50000000,
        51000000,
        52000000,
        53000000,
        54000000,
        55000000,
        56000000,
        57000000,
        58000000,
        59000000,
        60000000,
        61000000,
        62000000,
        63000000,
        64000000,
        65000000,
        66000000,
        67000000,
        68000000,
        69000000,
        70000000,
        71000000,
        72000000,
        73000000,
        74000000,
        75000000,
        76000000,
        77000000,
        78000000,
        79000000,
        80000000,
        81000000,
        82000000,
        83000000,
        84000000,
        85000000,
        86000000,
        87000000,
        88000000,
        89000000,
        90000000,
        91000000,
        92000000,
        93000000,
        94000000,
        95000000,
        96000000,
        97000000,
        98000000,
        99000000,
        100000000
    ],
    "RL": [
        -7.330411238812791,
        -7.251913316925606,
        -7.173456316074553,
        -7.095123629079113,
        -7.0169072763521525,
        -6.938846541261514,
        -6.861005174848972,
        -6.783425509983301,
        -6.7062272952391435,
        -6.629297696864958,
        -6.552628880502333,
        -6.476468914253834,
        -6.400913455861483,
        -6.325722919195643,
        -6.25128413841284,
        -6.177450672717475,
        -6.1042875813084265,
        -6.032000217023673,
        -5.9604934753232275,
        -5.889883806436575,
        -5.820227840299877,
        -5.7517006937028805,
        -5.684290105029027,
        -5.617852998610015,
        -5.552812010452612,
        -5.4891478608978925,
        -5.4269673066292645,
        -5.365972949606387,
        -5.306757835963957,
        -5.249374267413586,
        -5.193510048661198,
        -5.139713909989352,
        -5.0876165865751775,
        -5.037495663275155,
        -4.989511860190793,
        -4.943619598529111,
        -4.9000725151225035,
        -4.858560936021104,
        -4.819504163245552,
        -4.782750720748529,
        -4.749038126252632,
        -4.717433912474332,
        -4.688487156799107,
        -4.662033192812648,
        -4.638797806228747,
        -4.618371701806278,
        -4.600647025901787,
        -4.585072876663321,
        -4.573390450099775,
        -4.564248615241711,
        -4.5583155581000465,
        -4.554724655103286,
        -4.554492985811615,
        -4.557762532929475,
        -4.56358103859625,
        -4.572036456509288,
        -4.5835404508532305,
        -4.598504788507897,
        -4.615944970695571,
        -4.636590682875056,
        -4.65956772492085,
        -4.685280190845467,
        -4.714355348555783,
        -4.745608319374412,
        -4.779781370956,
        -4.815920705434188,
        -4.855240265405836,
        -4.897248582553916,
        -4.941068600821136,
        -4.987455939824427,
        -5.035732415415589,
        -5.08683296965553,
        -5.1389040602033145,
        -5.193934277877594,
        -5.250274377987269,
        -5.308975208777643,
        -5.369045174006319,
        -5.431202841499109,
        -5.494392773846081,
        -5.559133191663914,
        -5.625197880403863,
        -5.692952212574171,
        -5.762018023920089,
        -5.831931599985741,
        -5.903324746041535,
        -5.975652631324101,
        -6.048810060565949,
        -6.122846035783111,
        -6.197890235535373,
        -6.2741619362779,
        -6.350203475786999,
        -6.427586949842609,
        -6.505291444183139,
        -6.583988699486136,
        -6.662571324649214,
        -6.741576591967418,
        -6.822056142686207,
        -6.901670102253803,
        -6.981858635934467,
        -7.062437091989172
    ],
    "RLPHASE": [
        166.05096270329798,
        165.47553757290447,
        164.88973264975846,
        164.29365225725115,
        163.6863106732237,
        163.06876200907743,
        162.43988519164031,
        161.79952467182395,
        161.1482621376665,
        160.48525932233585,
        159.8109616305628,
        159.12424727787158,
        158.42599133888336,
        157.71547324645454,
        156.99276148748842,
        156.25783044686597,
        155.50921259837747,
        154.74942857694185,
        153.97702037033042,
        153.19090648059307,
        152.39193035005314,
        151.58287158726944,
        150.75862244193095,
        149.9219825373685,
        149.0726432694243,
        148.21157153785703,
        147.33700415748442,
        146.4493642089116,
        145.5508005261097,
        144.6406329766842,
        143.71665287271986,
        142.7792582494376,
        141.83278888324418,
        140.8749966651497,
        139.9070773809567,
        138.92696954685547,
        137.93733649638003,
        136.93761578525684,
        135.9285545027122,
        134.91033966319554,
        133.88436364057378,
        132.8497217777079,
        131.80938097141305,
        130.76061891278982,
        129.7045031805673,
        128.6448052787017,
        127.57907049935213,
        126.51008252367602,
        125.43598543358333,
        124.36181132154745,
        123.28200486434491,
        122.20380607129611,
        121.12246816390432,
        120.04547069021488,
        118.96433542222816,
        117.88652614953308,
        116.81347957108851,
        115.73715215199755,
        114.67046064025828,
        113.6051041398042,
        112.54491590501901,
        111.49078434951166,
        110.44140417440424,
        109.40249163088043,
        108.36531282242684,
        107.34671363644873,
        106.32907240093171,
        105.3201911698588,
        104.31934558331125,
        103.33158311613934,
        102.35394753684426,
        101.38903612548881,
        100.42880569221194,
        99.48618296237103,
        98.55368031861515,
        97.62932806546983,
        96.72271105958983,
        95.82324903745717,
        94.93870303875863,
        94.06602819298155,
        93.20855504118097,
        92.35861159224886,
        91.5271060299111,
        90.70328517422311,
        89.89583504227099,
        89.10222380734147,
        88.32022874383533,
        87.54932683456565,
        86.7904980785995,
        86.0489994415693,
        85.31656035342687,
        84.59392612233933,
        83.88715221336594,
        83.19168206134394,
        82.51124535247048,
        81.84022309555586,
        81.18130232022556,
        80.53270006717607,
        79.89637207990677,
        79.26972596707292
    ]
}