{
    "frequencies": [   
        683733600.0,
        688753700.0,
        693773800.0,
        698793900.0,
        703814000.0,
        708834100.0,
        713854200.0,
        718874300.0,
        723894400.0,
        728914500.0,
        733934600.0,
        738954700.0,
        743974800.0,
        748994900.0,
        754015000.0,
        759035100.0,
        764055200.0,
        769075300.0,
        774095400.0,
        779115500.0,
        784135600.0,
        789155700.0,
        794175800.0,
        799195900.0,
        804216000.0,
        809236100.0,
        814256200.0,
        819276300.0,
        824296400.0,
        829316500.0,
        834336600.0,
        839356700.0,
        844376800.0,
        849396900.0,
        854417000.0,
        859437100.0,
        864457200.0,
        869477300.0,
        874497400.0,
        879517500.0,
        884537600.0,
        889557700.0,
        894577800.0,
        899597900.0,
        904618000.0,
        909638100.0,
        914658200.0,
        919678300.0,
        924698400.0,
        929718500.0,
        934738600.0,
        939758700.0,
        944778800.0,
        949798900.0,
        954819000.0,
        959839100.0,
        964859200.0,
        969879300.0,
        974899400.0,
        979919500.0,
        984939600.0,
        989959700.0,
        994979800.0,
        999999900.0
    ],
    "RL": [
        -0.31805758867276773,
        -0.30811732489797505,
        -0.2953158693047002,
        -0.2640518342070117,
        -0.2570121270297523,
        -0.29046274062055555,
        -0.28550219898574225,
        -0.3182654774296676,
        -0.36045264238009084,
        -0.40358686370035035,
        -0.47121007257660275,
        -0.5041162320978042,
        -0.5660971358066367,
        -0.5780531088595957,
        -0.6352725332939348,
        -0.6377747092971,
        -0.6851236565151027,
        -0.679860989238624,
        -0.6294162974300733,
        -0.5237506842977131,
        -0.5137530035217164,
        -0.4130300657444802,
        -0.285359525906081,
        -0.22733692286377843,
        -0.1398672608137261,
        -0.09419593189781775,
        -0.06047204965827657,
        -0.04045478176741283,
        -0.07651344275702014,
        -0.13575817920651248,
        -0.18388798437461978,
        -0.3145072872660284,
        -0.38746845344315267,
        -0.49242257424394387,
        -0.6090973778840726,
        -0.6341840504647953,
        -0.767775375328056,
        -0.7577882398574034,
        -0.7839524680306524,
        -0.7565687268137209,
        -0.7546278448270658,
        -0.6924542630819314,
        -0.5677079594782714,
        -0.46290446298882987,
        -0.41031743374634305,
        -0.2912262780929337,
        -0.213009982630886,
        -0.14373216677047146,
        -0.1203182957333061,
        -0.13752041085244449,
        -0.18918420853810708,
        -0.22504026147448836,
        -0.29508040375962297,
        -0.3710092709074587,
        -0.491599812002601,
        -0.5924922747205074,
        -0.6804350697725797,
        -0.7523330203907509,
        -0.8019642431645699,
        -0.7932326896048785,
        -0.7697343331567454,
        -0.7758468348118275,
        -0.7080721678776648,
        -0.6508856068983886
    ],
    "RLPHASE": [
        165.50881016459874,
        163.65355340076007,
        161.99989924338897,
        160.3036470647082,
        158.8503988883476,
        157.34007982232464,
        155.83901165164164,
        154.62975089487895,
        153.1719512993993,
        151.77051116398817,
        150.16867056025657,
        148.39377677477094,
        146.65174756780874,
        144.56006931838093,
        142.58079637719914,
        140.30437817936212,
        138.18990406664236,
        135.94252200038483,
        133.87186125604381,
        131.78704842292345,
        129.76906133202303,
        128.6536037930564,
        126.60336053773005,
        125.2181884454099,
        124.25599174696747,
        123.17249276992891,
        122.24932103453796,
        121.31477934376444,
        120.2602122281721,
        119.08959649556054,
        117.95868017159579,
        116.6452699814338,
        114.83720224905647,
        113.22008297570217,
        111.03331085341415,
        109.38743015100466,
        107.08071761037489,
        105.04075011431725,
        102.45532789805856,
        100.39636586921222,
        98.42323962970858,
        96.25776840334721,
        94.60852083435434,
        92.7978647692411,
        91.75930067267261,
        90.29198914252432,
        89.0081275140287,
        88.26004157162501,
        87.1770000583244,
        86.4735165488297,
        85.653633820835,
        84.51734390410992,
        83.28675616402518,
        81.96637041987775,
        80.38699936999124,
        78.91146575735654,
        76.95930523004657,
        74.99875536197325,
        73.00556555200515,
        70.72482308063998,
        68.58571006179649,
        66.66445683532746,
        64.783241452096,
        63.22225317598389
    ]
}